{"metadata":{"asset_id":"7a2b36e0-6e80-46b7-91e5-47432310baac","asset_attributes":["data_asset"],"name":"CUSTOMER_FULL_SUMMARY_LATEST_VIEW.sql","asset_type":"data_asset","created_at":"2020-06-08T10:32:34Z","description":"","origin_country":"us","owner_id":"1000331001","project_id":"db48a5d6-bf74-471e-9e31-1832a24cfbdb","sandbox_id":"db48a5d6-bf74-471e-9e31-1832a24cfbdb","size":27494,"tags":[],"usage":{"last_update_time":1591612355980,"last_updated_at":"2020-06-08T10:32:35Z"}},"entity":{"data_asset":{"mime_type":"application/octet-stream","dataset":false}},"attachments":[{"id":"c08bbabd-c6bc-4050-920b-fd5f44fa932e","version":2,"asset_type":"data_asset","name":"CUSTOMER_FULL_SUMMARY_LATEST_VIEW.sql","mime":"application/octet-stream","object_key":"data_asset/CUSTOMER_FULL_SUMMARY_LATEST_VIEW.sql","create_time":1591612354943,"size":27494,"is_remote":false,"is_managed":false,"is_referenced":true,"is_object_key_read_only":false,"is_user_provided_path_key":true,"transfer_complete":true,"is_partitioned":false,"complete_time_ticks":1591612354943,"user_data":{},"test_doc":0,"handle":{"key":"data_asset/CUSTOMER_FULL_SUMMARY_LATEST_VIEW.sql","upload_id":"done","max_part_num":1},"usage":{"access_count":0,"last_accessor_id":"icp4d-dev","last_access_time":1591612354943}}]}