{"metadata":{"asset_id":"13dbde46-335a-40ff-807b-87087d513480","asset_attributes":["data_asset"],"name":"customer.csv","asset_type":"data_asset","created_at":"2020-06-08T10:32:33Z","description":"","origin_country":"us","owner_id":"1000331001","project_id":"db48a5d6-bf74-471e-9e31-1832a24cfbdb","sandbox_id":"db48a5d6-bf74-471e-9e31-1832a24cfbdb","size":1273147,"tags":[],"usage":{"last_update_time":1591612355594,"last_updated_at":"2020-06-08T10:32:35Z"}},"entity":{"data_asset":{"mime_type":"text/csv","dataset":false}},"attachments":[{"id":"bdc2dfe3-0c8f-4d0b-a738-06da0d4bf9e5","version":2,"asset_type":"data_asset","name":"customer.csv","mime":"text/csv","object_key":"data_asset/customer.csv","create_time":1591612354878,"size":1273147,"is_remote":false,"is_managed":false,"is_referenced":true,"is_object_key_read_only":false,"is_user_provided_path_key":true,"transfer_complete":true,"is_partitioned":false,"complete_time_ticks":1591612354878,"user_data":{},"test_doc":0,"handle":{"key":"data_asset/customer.csv","upload_id":"done","max_part_num":1},"usage":{"access_count":0,"last_accessor_id":"icp4d-dev","last_access_time":1591612354878}}]}