{"metadata":{"asset_id":"69914a44-11f1-43b7-9fa7-24ed53edf3b6","asset_attributes":["data_asset"],"name":"customer_full_summary_latest.csv","asset_type":"data_asset","created_at":"2020-06-08T10:32:36Z","description":"","origin_country":"us","owner_id":"1000331001","project_id":"db48a5d6-bf74-471e-9e31-1832a24cfbdb","sandbox_id":"db48a5d6-bf74-471e-9e31-1832a24cfbdb","size":1607327,"tags":[],"usage":{"last_update_time":1591612357380,"last_updated_at":"2020-06-08T10:32:37Z"}},"entity":{"data_asset":{"mime_type":"text/csv","dataset":false}},"attachments":[{"id":"d4826e02-38f9-4299-98ce-1f58946c2517","version":2,"asset_type":"data_asset","name":"customer_full_summary_latest.csv","mime":"text/csv","object_key":"data_asset/customer_full_summary_latest.csv","create_time":1591612357046,"size":1607327,"is_remote":false,"is_managed":false,"is_referenced":true,"is_object_key_read_only":false,"is_user_provided_path_key":true,"transfer_complete":true,"is_partitioned":false,"complete_time_ticks":1591612357046,"user_data":{},"test_doc":0,"handle":{"key":"data_asset/customer_full_summary_latest.csv","upload_id":"done","max_part_num":1},"usage":{"access_count":0,"last_accessor_id":"icp4d-dev","last_access_time":1591612357046}}]}