{"metadata":{"asset_id":"ce534f2c-968b-400d-999d-f7dd6f5e1b40","asset_attributes":["data_asset"],"name":"acceleratorWorkflow.png","asset_type":"data_asset","created_at":"2020-06-08T10:32:33Z","description":"","origin_country":"us","owner_id":"1000331001","project_id":"db48a5d6-bf74-471e-9e31-1832a24cfbdb","sandbox_id":"db48a5d6-bf74-471e-9e31-1832a24cfbdb","size":64149,"tags":[],"usage":{"last_update_time":1591612356122,"last_updated_at":"2020-06-08T10:32:36Z"}},"entity":{"data_asset":{"mime_type":"image/png","dataset":false}},"attachments":[{"id":"0fbdfb6d-bafd-4a7e-a235-1d5f9ee5c1e9","version":2,"asset_type":"data_asset","name":"acceleratorWorkflow.png","mime":"image/png","object_key":"data_asset/acceleratorWorkflow.png","create_time":1591612354938,"size":64149,"is_remote":false,"is_managed":false,"is_referenced":true,"is_object_key_read_only":false,"is_user_provided_path_key":true,"transfer_complete":true,"is_partitioned":false,"complete_time_ticks":1591612354938,"user_data":{},"test_doc":0,"handle":{"key":"data_asset/acceleratorWorkflow.png","upload_id":"done","max_part_num":1},"usage":{"access_count":0,"last_accessor_id":"icp4d-dev","last_access_time":1591612354938}}]}