{"metadata":{"asset_id":"41a04cab-e6e1-400a-9ae6-5ef9f658487b","asset_attributes":["data_asset"],"name":"customer_summary.csv","asset_type":"data_asset","created_at":"2020-06-08T10:32:33Z","description":"","origin_country":"us","owner_id":"1000331001","project_id":"db48a5d6-bf74-471e-9e31-1832a24cfbdb","sandbox_id":"db48a5d6-bf74-471e-9e31-1832a24cfbdb","size":8657380,"tags":[],"usage":{"last_update_time":1591612356294,"last_updated_at":"2020-06-08T10:32:36Z"}},"entity":{"data_asset":{"mime_type":"text/csv","dataset":false}},"attachments":[{"id":"b85c563d-f157-4dfa-89bf-c88fc617bffc","version":2,"asset_type":"data_asset","name":"customer_summary.csv","mime":"text/csv","object_key":"data_asset/customer_summary.csv","create_time":1591612354959,"size":8657380,"is_remote":false,"is_managed":false,"is_referenced":true,"is_object_key_read_only":false,"is_user_provided_path_key":true,"transfer_complete":true,"is_partitioned":false,"complete_time_ticks":1591612354959,"user_data":{},"test_doc":0,"handle":{"key":"data_asset/customer_summary.csv","upload_id":"done","max_part_num":1},"usage":{"access_count":0,"last_accessor_id":"icp4d-dev","last_access_time":1591612354959}}]}