{"metadata":{"asset_id":"e86efa89-68ef-4c4e-aa63-11d81af4d0b1","asset_attributes":["data_asset"],"name":"account.csv","asset_type":"data_asset","created_at":"2020-06-08T10:32:33Z","description":"","origin_country":"us","owner_id":"1000331001","project_id":"db48a5d6-bf74-471e-9e31-1832a24cfbdb","sandbox_id":"db48a5d6-bf74-471e-9e31-1832a24cfbdb","size":610691,"tags":[],"usage":{"last_update_time":1591612356290,"last_updated_at":"2020-06-08T10:32:36Z"}},"entity":{"data_asset":{"mime_type":"text/csv","dataset":false}},"attachments":[{"id":"0b0e8db6-e5f6-4752-b68f-9db10a5afddf","version":2,"asset_type":"data_asset","name":"account.csv","mime":"text/csv","object_key":"data_asset/account.csv","create_time":1591612354972,"size":610691,"is_remote":false,"is_managed":false,"is_referenced":true,"is_object_key_read_only":false,"is_user_provided_path_key":true,"transfer_complete":true,"is_partitioned":false,"complete_time_ticks":1591612354972,"user_data":{},"test_doc":0,"handle":{"key":"data_asset/account.csv","upload_id":"done","max_part_num":1},"usage":{"access_count":0,"last_accessor_id":"icp4d-dev","last_access_time":1591612354972}}]}