{"metadata":{"asset_id":"2e1385b3-74f2-430c-8631-b6a832a1764f","asset_attributes":["data_asset"],"name":"customer_segmentation_prep.py","asset_type":"data_asset","created_at":"2020-06-08T10:32:33Z","description":"","origin_country":"us","owner_id":"1000331001","project_id":"db48a5d6-bf74-471e-9e31-1832a24cfbdb","sandbox_id":"db48a5d6-bf74-471e-9e31-1832a24cfbdb","size":18063,"tags":[],"usage":{"last_update_time":1591612356233,"last_updated_at":"2020-06-08T10:32:36Z"}},"entity":{"data_asset":{"mime_type":"text/x-script.phyton","dataset":false}},"attachments":[{"id":"9a6c0db6-4b6b-490c-9acd-e5778ec560e4","version":2,"asset_type":"data_asset","name":"customer_segmentation_prep.py","mime":"text/x-script.phyton","object_key":"data_asset/customer_segmentation_prep.py","create_time":1591612355313,"size":18063,"is_remote":false,"is_managed":false,"is_referenced":true,"is_object_key_read_only":false,"is_user_provided_path_key":true,"transfer_complete":true,"is_partitioned":false,"complete_time_ticks":1591612355313,"user_data":{},"test_doc":0,"handle":{"key":"data_asset/customer_segmentation_prep.py","upload_id":"done","max_part_num":1},"usage":{"access_count":0,"last_accessor_id":"icp4d-dev","last_access_time":1591612355313}}]}