{"metadata":{"asset_id":"2726f55e-f6ae-4179-a7e6-db2ade4d219b","asset_attributes":["data_asset"],"name":"training_data_metadata.json","asset_type":"data_asset","created_at":"2020-06-08T10:32:33Z","description":"","origin_country":"us","owner_id":"1000331001","project_id":"db48a5d6-bf74-471e-9e31-1832a24cfbdb","sandbox_id":"db48a5d6-bf74-471e-9e31-1832a24cfbdb","size":3404,"tags":[],"usage":{"last_update_time":1591612355901,"last_updated_at":"2020-06-08T10:32:35Z"}},"entity":{"data_asset":{"mime_type":"application/json","dataset":false}},"attachments":[{"id":"850b3ab8-9711-4d19-9765-a9a084113584","version":2,"asset_type":"data_asset","name":"training_data_metadata.json","mime":"application/json","object_key":"data_asset/training_data_metadata.json","create_time":1591612355084,"size":3404,"is_remote":false,"is_managed":false,"is_referenced":true,"is_object_key_read_only":false,"is_user_provided_path_key":true,"transfer_complete":true,"is_partitioned":false,"complete_time_ticks":1591612355084,"user_data":{},"test_doc":0,"handle":{"key":"data_asset/training_data_metadata.json","upload_id":"done","max_part_num":1},"usage":{"access_count":0,"last_accessor_id":"icp4d-dev","last_access_time":1591612355084}}]}