{"metadata":{"asset_id":"61b8136d-f0bb-4118-81c7-f30459fbf535","asset_attributes":["data_asset"],"name":"customer-segmentation-analytics-dashboard.zip","asset_type":"data_asset","created_at":"2020-06-08T11:43:13Z","description":"","origin_country":"us","owner_id":"1000331001","project_id":"db48a5d6-bf74-471e-9e31-1832a24cfbdb","sandbox_id":"db48a5d6-bf74-471e-9e31-1832a24cfbdb","size":2827044,"tags":[],"usage":{"last_update_time":1591616595254,"last_updated_at":"2020-06-08T11:43:15Z"}},"entity":{"data_asset":{"mime_type":"application/zip","dataset":false}},"attachments":[{"id":"b2c634f6-7335-4429-951e-2f5f46aa4e16","version":2,"asset_type":"data_asset","name":"customer-segmentation-analytics-dashboard.zip","mime":"application/zip","object_key":"data_asset/customer-segmentation-analytics-dashboard.zip","create_time":1591616595253,"size":2827044,"is_remote":false,"is_managed":false,"is_referenced":true,"is_object_key_read_only":true,"is_user_provided_path_key":true,"transfer_complete":true,"is_partitioned":false,"complete_time_ticks":1591616595253,"user_data":{},"test_doc":0,"handle":{"key":"data_asset/customer-segmentation-analytics-dashboard.zip","upload_id":"done","max_part_num":1},"usage":{"access_count":0,"last_accessor_id":"1000331001","last_access_time":1591616595253}}]}