{"metadata":{"asset_id":"e1ed90e0-a247-4774-8636-ba5e99208501","asset_attributes":["data_asset"],"name":"cluster_df.csv","asset_type":"data_asset","created_at":"2020-06-08T10:32:33Z","description":"","origin_country":"us","owner_id":"1000331001","project_id":"db48a5d6-bf74-471e-9e31-1832a24cfbdb","sandbox_id":"db48a5d6-bf74-471e-9e31-1832a24cfbdb","size":117057,"tags":[],"usage":{"last_update_time":1591612355723,"last_updated_at":"2020-06-08T10:32:35Z"}},"entity":{"data_asset":{"mime_type":"text/csv","dataset":false}},"attachments":[{"id":"dd9fc588-7674-4d6d-8bf6-bdcfeebc7a72","version":2,"asset_type":"data_asset","name":"cluster_df.csv","mime":"text/csv","object_key":"data_asset/cluster_df.csv","create_time":1591612354973,"size":117057,"is_remote":false,"is_managed":false,"is_referenced":true,"is_object_key_read_only":false,"is_user_provided_path_key":true,"transfer_complete":true,"is_partitioned":false,"complete_time_ticks":1591612354973,"user_data":{},"test_doc":0,"handle":{"key":"data_asset/cluster_df.csv","upload_id":"done","max_part_num":1},"usage":{"access_count":0,"last_accessor_id":"icp4d-dev","last_access_time":1591612354973}}]}