{"metadata":{"asset_id":"74f35481-3b86-422d-98a1-6fddc05bdfa6","asset_attributes":["data_asset"],"name":"pca.txt","asset_type":"data_asset","created_at":"2020-06-08T10:32:33Z","description":"","origin_country":"us","owner_id":"1000331001","project_id":"db48a5d6-bf74-471e-9e31-1832a24cfbdb","sandbox_id":"db48a5d6-bf74-471e-9e31-1832a24cfbdb","size":6834,"tags":[],"usage":{"last_update_time":1591612356255,"last_updated_at":"2020-06-08T10:32:36Z"}},"entity":{"data_asset":{"mime_type":"text/plain","dataset":false}},"attachments":[{"id":"51a93e9e-5aae-4099-a938-1f15fcf876a7","version":2,"asset_type":"data_asset","name":"pca.txt","mime":"text/plain","object_key":"data_asset/pca.txt","create_time":1591612354972,"size":6834,"is_remote":false,"is_managed":false,"is_referenced":true,"is_object_key_read_only":false,"is_user_provided_path_key":true,"transfer_complete":true,"is_partitioned":false,"complete_time_ticks":1591612354972,"user_data":{},"test_doc":0,"handle":{"key":"data_asset/pca.txt","upload_id":"done","max_part_num":1},"usage":{"access_count":0,"last_accessor_id":"icp4d-dev","last_access_time":1591612354972}}]}