{"metadata":{"asset_id":"47cd8034-db8e-4ba5-a591-75377e5122e7","asset_attributes":["notebook"],"name":"2-model_scoring_and_app_deployment","asset_type":"notebook","created_at":"2020-06-08T10:32:38Z","description":"","origin_country":"us","owner_id":"1000331001","project_id":"db48a5d6-bf74-471e-9e31-1832a24cfbdb","sandbox_id":"db48a5d6-bf74-471e-9e31-1832a24cfbdb","size":24728,"tags":["notebook"],"usage":{"last_update_time":1591865733757,"last_updated_at":"2020-06-11T08:55:33Z"}},"entity":{"notebook":{"kernel":{"name":"python3","display_name":"Python 3.6","language":"python"},"originates_from":{"type":"file"},"runtime":{"environment":"jupconda36-db48a5d6-bf74-471e-9e31-1832a24cfbdb"}}},"attachments":[{"id":"8c493ad4-2e72-48f2-92fa-4573ce70fa40","version":2,"asset_type":"notebook","name":"attachment for notebook 47cd8034-db8e-4ba5-a591-75377e5122e7","description":"attachment for notebook 47cd8034-db8e-4ba5-a591-75377e5122e7","mime":"application/json","object_key":"notebook/2-model_scoring__bGIHTU6W.ipynb","create_time":1591612358611,"size":24728,"is_remote":false,"is_managed":false,"is_referenced":true,"is_object_key_read_only":false,"is_user_provided_path_key":true,"transfer_complete":true,"is_partitioned":false,"complete_time_ticks":1591612358611,"user_data":{},"test_doc":0,"handle":{"key":"notebook/2-model_scoring__bGIHTU6W.ipynb","upload_id":"done","max_part_num":1},"usage":{"access_count":0,"last_accessor_id":"icp4d-dev","last_access_time":1591612358611}}]}