{"metadata":{"asset_id":"2c79f75e-e882-4d97-8a5c-f5427daa01c9","asset_attributes":["notebook"],"name":"README","asset_type":"notebook","created_at":"2020-06-08T10:32:38Z","description":"","origin_country":"us","owner_id":"1000331001","project_id":"db48a5d6-bf74-471e-9e31-1832a24cfbdb","sandbox_id":"db48a5d6-bf74-471e-9e31-1832a24cfbdb","size":91547,"tags":["notebook"],"usage":{"last_update_time":1591865468175,"last_updated_at":"2020-06-11T08:51:08Z"}},"entity":{"notebook":{"kernel":{"name":"python3","display_name":"Python 3.6","language":"python"},"originates_from":{"type":"file"},"runtime":{"environment":"jupconda36-db48a5d6-bf74-471e-9e31-1832a24cfbdb"}}},"attachments":[{"id":"88abeddf-f847-477d-af8f-77f38e3da6af","version":2,"asset_type":"notebook","name":"attachment for notebook 2c79f75e-e882-4d97-8a5c-f5427daa01c9","description":"attachment for notebook 2c79f75e-e882-4d97-8a5c-f5427daa01c9","mime":"application/json","object_key":"notebook/README_cFcbZmdZL.ipynb","create_time":1591612358738,"size":91547,"is_remote":false,"is_managed":false,"is_referenced":true,"is_object_key_read_only":false,"is_user_provided_path_key":true,"transfer_complete":true,"is_partitioned":false,"complete_time_ticks":1591612358738,"user_data":{},"test_doc":0,"handle":{"key":"notebook/README_cFcbZmdZL.ipynb","upload_id":"done","max_part_num":1},"usage":{"access_count":0,"last_accessor_id":"icp4d-dev","last_access_time":1591612358738}}]}