{"metadata":{"asset_id":"7f6b6d90-04de-4a20-b2ce-2a12be9c6d7f","asset_attributes":["notebook"],"name":"1-model_training","asset_type":"notebook","created_at":"2020-06-08T10:32:38Z","description":"","origin_country":"us","owner_id":"1000331001","project_id":"db48a5d6-bf74-471e-9e31-1832a24cfbdb","sandbox_id":"db48a5d6-bf74-471e-9e31-1832a24cfbdb","size":697676,"tags":["notebook"],"usage":{"last_update_time":1591865547645,"last_updated_at":"2020-06-11T08:52:27Z"}},"entity":{"notebook":{"kernel":{"name":"python3","display_name":"Python 3.6","language":"python"},"originates_from":{"type":"file"},"runtime":{"environment":"jupconda36-db48a5d6-bf74-471e-9e31-1832a24cfbdb"}}},"attachments":[{"id":"e8b2fadf-0d18-4945-9413-3d64412beff7","version":2,"asset_type":"notebook","name":"attachment for notebook 7f6b6d90-04de-4a20-b2ce-2a12be9c6d7f","description":"attachment for notebook 7f6b6d90-04de-4a20-b2ce-2a12be9c6d7f","mime":"application/json","object_key":"notebook/1-model_training_nYKa7hQqA.ipynb","create_time":1591612358873,"size":697676,"is_remote":false,"is_managed":false,"is_referenced":true,"is_object_key_read_only":false,"is_user_provided_path_key":true,"transfer_complete":true,"is_partitioned":false,"complete_time_ticks":1591612358873,"user_data":{},"test_doc":0,"handle":{"key":"notebook/1-model_training_nYKa7hQqA.ipynb","upload_id":"done","max_part_num":1},"usage":{"access_count":0,"last_accessor_id":"icp4d-dev","last_access_time":1591612358873}}]}