{"metadata":{"asset_id":"27d6175d-5ca1-4457-90dd-1dfaf8141c8c","asset_attributes":["notebook"],"name":"0-Map_Business_Terms_to_data_headers","asset_type":"notebook","created_at":"2020-06-08T10:32:38Z","description":"","origin_country":"us","owner_id":"1000331001","project_id":"db48a5d6-bf74-471e-9e31-1832a24cfbdb","sandbox_id":"db48a5d6-bf74-471e-9e31-1832a24cfbdb","size":45772,"tags":["notebook"],"usage":{"last_update_time":1591866031953,"last_updated_at":"2020-06-11T09:00:31Z"}},"entity":{"notebook":{"kernel":{"name":"python3","display_name":"Python 3.6","language":"python"},"originates_from":{"type":"file"},"runtime":{"environment":"jupconda36-db48a5d6-bf74-471e-9e31-1832a24cfbdb"}}},"attachments":[{"id":"192b20c5-c0f6-47b0-b598-759a45ae7092","version":2,"asset_type":"notebook","name":"attachment for notebook 27d6175d-5ca1-4457-90dd-1dfaf8141c8c","description":"attachment for notebook 27d6175d-5ca1-4457-90dd-1dfaf8141c8c","mime":"application/json","object_key":"notebook/0-Map_Business_Terms_to_data_headers_spjcVOow9.ipynb","create_time":1591612358884,"size":45772,"is_remote":false,"is_managed":false,"is_referenced":true,"is_object_key_read_only":false,"is_user_provided_path_key":true,"transfer_complete":true,"is_partitioned":false,"complete_time_ticks":1591612358884,"user_data":{},"test_doc":0,"handle":{"key":"notebook/0-Map_Business_Terms_to_data_headers_spjcVOow9.ipynb","upload_id":"done","max_part_num":1},"usage":{"access_count":0,"last_accessor_id":"icp4d-dev","last_access_time":1591612358884}}]}